frame,timestamp,vehicle_id,violation,speed_kmh,plate,evidence
8,0.27,7,WRONG_WAY,,Pending ANPR,results/evidence\ID_7_WRONG_WAY_frame_8.jpg
8,0.27,9,WRONG_WAY,,Pending ANPR,results/evidence\ID_9_WRONG_WAY_frame_8.jpg
8,0.27,20,WRONG_WAY,,Pending ANPR,results/evidence\ID_20_WRONG_WAY_frame_8.jpg
9,0.30,1,OVERSPEED,5394.61,Pending ANPR,results/evidence\ID_1_OVERSPEED_frame_9.jpg
9,0.30,2,OVERSPEED,5394.61,Pending ANPR,results/evidence\ID_2_OVERSPEED_frame_9.jpg
9,0.30,3,OVERSPEED,5394.61,Pending ANPR,results/evidence\ID_3_OVERSPEED_frame_9.jpg
9,0.30,4,OVERSPEED,5394.61,Pending ANPR,results/evidence\ID_4_OVERSPEED_frame_9.jpg
9,0.30,13,OVERSPEED,5394.61,Pending ANPR,results/evidence\ID_13_OVERSPEED_frame_9.jpg
9,0.30,19,OVERSPEED,5394.61,Pending ANPR,results/evidence\ID_19_OVERSPEED_frame_9.jpg
10,0.33,11,OVERSPEED,5394.61,Pending ANPR,results/evidence\ID_11_OVERSPEED_frame_10.jpg
11,0.37,14,WRONG_WAY,,Pending ANPR,results/evidence\ID_14_WRONG_WAY_frame_11.jpg
13,0.43,18,WRONG_WAY,,Pending ANPR,results/evidence\ID_18_WRONG_WAY_frame_13.jpg
14,0.47,8,WRONG_WAY,,Pending ANPR,results/evidence\ID_8_WRONG_WAY_frame_14.jpg
14,0.47,19,WRONG_WAY,,Pending ANPR,results/evidence\ID_19_WRONG_WAY_frame_14.jpg
16,0.53,8,OVERSPEED,5394.61,Pending ANPR,results/evidence\ID_8_OVERSPEED_frame_16.jpg
16,0.53,13,WRONG_WAY,,Pending ANPR,results/evidence\ID_13_WRONG_WAY_frame_16.jpg
18,0.60,1,WRONG_WAY,,Pending ANPR,results/evidence\ID_1_WRONG_WAY_frame_18.jpg
26,0.87,52,WRONG_WAY,,Pending ANPR,results/evidence\ID_52_WRONG_WAY_frame_26.jpg
27,0.90,47,WRONG_WAY,,Pending ANPR,results/evidence\ID_47_WRONG_WAY_frame_27.jpg
33,1.10,47,OVERSPEED,1798.20,Pending ANPR,results/evidence\ID_47_OVERSPEED_frame_33.jpg
37,1.23,75,WRONG_WAY,,Pending ANPR,results/evidence\ID_75_WRONG_WAY_frame_37.jpg
38,1.27,47,LANE_CHANGE,,Pending ANPR,results/evidence\ID_47_LANE_CHANGE_frame_38.jpg
39,1.30,4,WRONG_WAY,,Pending ANPR,results/evidence\ID_4_WRONG_WAY_frame_39.jpg
50,1.67,11,WRONG_WAY,,Pending ANPR,results/evidence\ID_11_WRONG_WAY_frame_50.jpg
51,1.70,14,OVERSPEED,215.78,Pending ANPR,results/evidence\ID_14_OVERSPEED_frame_51.jpg
56,1.87,105,WRONG_WAY,,Pending ANPR,results/evidence\ID_105_WRONG_WAY_frame_56.jpg
63,2.10,117,WRONG_WAY,,Pending ANPR,results/evidence\ID_117_WRONG_WAY_frame_63.jpg
66,2.20,117,OVERSPEED,1348.65,Pending ANPR,results/evidence\ID_117_OVERSPEED_frame_66.jpg
66,2.20,129,WRONG_WAY,,Pending ANPR,results/evidence\ID_129_WRONG_WAY_frame_66.jpg
67,2.24,117,LANE_CHANGE,,Pending ANPR,results/evidence\ID_117_LANE_CHANGE_frame_67.jpg
68,2.27,137,WRONG_WAY,,Pending ANPR,results/evidence\ID_137_WRONG_WAY_frame_68.jpg
70,2.34,105,OVERSPEED,674.33,Pending ANPR,results/evidence\ID_105_OVERSPEED_frame_70.jpg
71,2.37,3,LANE_CHANGE,,Pending ANPR,results/evidence\ID_3_LANE_CHANGE_frame_71.jpg
72,2.40,3,WRONG_WAY,,Pending ANPR,results/evidence\ID_3_WRONG_WAY_frame_72.jpg
73,2.44,120,WRONG_WAY,,Pending ANPR,results/evidence\ID_120_WRONG_WAY_frame_73.jpg
74,2.47,137,OVERSPEED,5394.61,Pending ANPR,results/evidence\ID_137_OVERSPEED_frame_74.jpg
77,2.57,2,WRONG_WAY,,Pending ANPR,results/evidence\ID_2_WRONG_WAY_frame_77.jpg
78,2.60,120,OVERSPEED,539.46,Pending ANPR,results/evidence\ID_120_OVERSPEED_frame_78.jpg
82,2.74,144,OVERSPEED,5394.61,Pending ANPR,results/evidence\ID_144_OVERSPEED_frame_82.jpg
91,3.04,194,WRONG_WAY,,Pending ANPR,results/evidence\ID_194_WRONG_WAY_frame_91.jpg
99,3.30,198,OVERSPEED,5394.61,Pending ANPR,results/evidence\ID_198_OVERSPEED_frame_99.jpg
100,3.34,11,LANE_CHANGE,,Pending ANPR,results/evidence\ID_11_LANE_CHANGE_frame_100.jpg
108,3.60,13,LANE_CHANGE,,Pending ANPR,results/evidence\ID_13_LANE_CHANGE_frame_108.jpg
108,3.60,260,WRONG_WAY,,Pending ANPR,results/evidence\ID_260_WRONG_WAY_frame_108.jpg
111,3.70,232,WRONG_WAY,,Pending ANPR,results/evidence\ID_232_WRONG_WAY_frame_111.jpg
113,3.77,20,OVERSPEED,52.37,Pending ANPR,results/evidence\ID_20_OVERSPEED_frame_113.jpg
118,3.94,302,OVERSPEED,5394.61,Pending ANPR,results/evidence\ID_302_OVERSPEED_frame_118.jpg
123,4.10,327,WRONG_WAY,,Pending ANPR,results/evidence\ID_327_WRONG_WAY_frame_123.jpg
132,4.40,354,WRONG_WAY,,Pending ANPR,results/evidence\ID_354_WRONG_WAY_frame_132.jpg
135,4.50,321,WRONG_WAY,,Pending ANPR,results/evidence\ID_321_WRONG_WAY_frame_135.jpg
139,4.64,354,OVERSPEED,5394.61,Pending ANPR,results/evidence\ID_354_OVERSPEED_frame_139.jpg
144,4.80,393,WRONG_WAY,,Pending ANPR,results/evidence\ID_393_WRONG_WAY_frame_144.jpg
151,5.04,327,OVERSPEED,5394.61,Pending ANPR,results/evidence\ID_327_OVERSPEED_frame_151.jpg
151,5.04,376,OVERSPEED,414.97,Pending ANPR,results/evidence\ID_376_OVERSPEED_frame_151.jpg
163,5.44,412,WRONG_WAY,,Pending ANPR,results/evidence\ID_412_WRONG_WAY_frame_163.jpg
165,5.51,454,OVERSPEED,5394.61,Pending ANPR,results/evidence\ID_454_OVERSPEED_frame_165.jpg
167,5.57,442,WRONG_WAY,,Pending ANPR,results/evidence\ID_442_WRONG_WAY_frame_167.jpg
168,5.61,454,LANE_CHANGE,,Pending ANPR,results/evidence\ID_454_LANE_CHANGE_frame_168.jpg
175,5.84,442,OVERSPEED,599.40,Pending ANPR,results/evidence\ID_442_OVERSPEED_frame_175.jpg
177,5.91,454,WRONG_WAY,,Pending ANPR,results/evidence\ID_454_WRONG_WAY_frame_177.jpg
179,5.97,460,WRONG_WAY,,Pending ANPR,results/evidence\ID_460_WRONG_WAY_frame_179.jpg
183,6.11,460,OVERSPEED,5394.61,Pending ANPR,results/evidence\ID_460_OVERSPEED_frame_183.jpg
184,6.14,494,WRONG_WAY,,Pending ANPR,results/evidence\ID_494_WRONG_WAY_frame_184.jpg
185,6.17,485,OVERSPEED,5394.61,Pending ANPR,results/evidence\ID_485_OVERSPEED_frame_185.jpg
189,6.31,494,LANE_CHANGE,,Pending ANPR,results/evidence\ID_494_LANE_CHANGE_frame_189.jpg
192,6.41,457,WRONG_WAY,,Pending ANPR,results/evidence\ID_457_WRONG_WAY_frame_192.jpg
195,6.51,521,OVERSPEED,5394.61,Pending ANPR,results/evidence\ID_521_OVERSPEED_frame_195.jpg
200,6.67,412,OVERSPEED,122.60,Pending ANPR,results/evidence\ID_412_OVERSPEED_frame_200.jpg
204,6.81,494,OVERSPEED,224.78,Pending ANPR,results/evidence\ID_494_OVERSPEED_frame_204.jpg
204,6.81,535,WRONG_WAY,,Pending ANPR,results/evidence\ID_535_WRONG_WAY_frame_204.jpg
215,7.17,105,LANE_CHANGE,,Pending ANPR,results/evidence\ID_105_LANE_CHANGE_frame_215.jpg
216,7.21,547,OVERSPEED,5394.61,Pending ANPR,results/evidence\ID_547_OVERSPEED_frame_216.jpg
217,7.24,548,OVERSPEED,5394.61,Pending ANPR,results/evidence\ID_548_OVERSPEED_frame_217.jpg
218,7.27,519,WRONG_WAY,,Pending ANPR,results/evidence\ID_519_WRONG_WAY_frame_218.jpg
230,7.67,571,WRONG_WAY,,Pending ANPR,results/evidence\ID_571_WRONG_WAY_frame_230.jpg
233,7.77,571,OVERSPEED,5394.61,Pending ANPR,results/evidence\ID_571_OVERSPEED_frame_233.jpg
239,7.97,547,WRONG_WAY,,Pending ANPR,results/evidence\ID_547_WRONG_WAY_frame_239.jpg
239,7.97,596,WRONG_WAY,,Pending ANPR,results/evidence\ID_596_WRONG_WAY_frame_239.jpg
241,8.04,594,WRONG_WAY,,Pending ANPR,results/evidence\ID_594_WRONG_WAY_frame_241.jpg
242,8.07,609,WRONG_WAY,,Pending ANPR,results/evidence\ID_609_WRONG_WAY_frame_242.jpg
243,8.11,611,WRONG_WAY,,Pending ANPR,results/evidence\ID_611_WRONG_WAY_frame_243.jpg
245,8.17,596,LANE_CHANGE,,Pending ANPR,results/evidence\ID_596_LANE_CHANGE_frame_245.jpg
246,8.21,302,WRONG_WAY,,Pending ANPR,results/evidence\ID_302_WRONG_WAY_frame_246.jpg
248,8.27,548,WRONG_WAY,,Pending ANPR,results/evidence\ID_548_WRONG_WAY_frame_248.jpg
252,8.41,596,OVERSPEED,385.33,Pending ANPR,results/evidence\ID_596_OVERSPEED_frame_252.jpg
253,8.44,635,WRONG_WAY,,Pending ANPR,results/evidence\ID_635_WRONG_WAY_frame_253.jpg
1,0.03,4,PEDESTRIAN_CONFLICT,,PENDING,results/evidence\ID_4_PEDESTRIAN_CONFLICT_1.jpg
1,0.03,4,PEDESTRIAN_CONFLICT,,PENDING,results/evidence\ID_4_PEDESTRIAN_CONFLICT_1.jpg
9,0.30,1,OVERSPEED,5394.61,PENDING,results/evidence\ID_1_OVERSPEED_9.jpg
9,0.30,2,OVERSPEED,5394.61,PENDING,results/evidence\ID_2_OVERSPEED_9.jpg
9,0.30,3,OVERSPEED,5394.61,PENDING,results/evidence\ID_3_OVERSPEED_9.jpg
9,0.30,4,OVERSPEED,5394.61,PENDING,results/evidence\ID_4_OVERSPEED_9.jpg
9,0.30,13,OVERSPEED,5394.61,PENDING,results/evidence\ID_13_OVERSPEED_9.jpg
9,0.30,19,OVERSPEED,5394.61,PENDING,results/evidence\ID_19_OVERSPEED_9.jpg
10,0.33,11,OVERSPEED,5394.61,PENDING,results/evidence\ID_11_OVERSPEED_10.jpg
12,0.40,9,WRONG_WAY,,PENDING,results/evidence\ID_9_WRONG_WAY_12.jpg
13,0.43,18,WRONG_WAY,,PENDING,results/evidence\ID_18_WRONG_WAY_13.jpg
13,0.43,7,WRONG_WAY,,PENDING,results/evidence\ID_7_WRONG_WAY_13.jpg
14,0.47,8,WRONG_WAY,,PENDING,results/evidence\ID_8_WRONG_WAY_14.jpg
14,0.47,19,WRONG_WAY,,PENDING,results/evidence\ID_19_WRONG_WAY_14.jpg
15,0.50,4,LANE_CHANGE,,PENDING,results/evidence\ID_4_LANE_CHANGE_15.jpg
15,0.50,14,WRONG_WAY,,PENDING,results/evidence\ID_14_WRONG_WAY_15.jpg
16,0.53,8,OVERSPEED,5394.61,PENDING,results/evidence\ID_8_OVERSPEED_16.jpg
16,0.53,13,WRONG_WAY,,PENDING,results/evidence\ID_13_WRONG_WAY_16.jpg
17,0.57,20,WRONG_WAY,,PENDING,results/evidence\ID_20_WRONG_WAY_17.jpg
18,0.60,1,WRONG_WAY,,PENDING,results/evidence\ID_1_WRONG_WAY_18.jpg
28,0.93,47,WRONG_WAY,,PENDING,results/evidence\ID_47_WRONG_WAY_28.jpg
33,1.10,47,OVERSPEED,1798.20,PENDING,results/evidence\ID_47_OVERSPEED_33.jpg
39,1.30,4,WRONG_WAY,,PENDING,results/evidence\ID_4_WRONG_WAY_39.jpg
50,1.67,11,WRONG_WAY,,PENDING,results/evidence\ID_11_WRONG_WAY_50.jpg
51,1.70,14,OVERSPEED,215.78,PENDING,results/evidence\ID_14_OVERSPEED_51.jpg
59,1.97,105,WRONG_WAY,,PENDING,results/evidence\ID_105_WRONG_WAY_59.jpg
66,2.20,117,OVERSPEED,1348.65,PENDING,results/evidence\ID_117_OVERSPEED_66.jpg
68,2.27,27,PEDESTRIAN_CONFLICT,,PENDING,results/evidence\ID_27_PEDESTRIAN_CONFLICT_68.jpg
68,2.27,37,PEDESTRIAN_CONFLICT,,PENDING,results/evidence\ID_37_PEDESTRIAN_CONFLICT_68.jpg
68,2.27,137,PEDESTRIAN_CONFLICT,,PENDING,results/evidence\ID_137_PEDESTRIAN_CONFLICT_68.jpg
69,2.30,6,PEDESTRIAN_CONFLICT,,PENDING,results/evidence\ID_6_PEDESTRIAN_CONFLICT_69.jpg
70,2.34,129,WRONG_WAY,,PENDING,results/evidence\ID_129_WRONG_WAY_70.jpg
70,2.34,105,OVERSPEED,674.33,PENDING,results/evidence\ID_105_OVERSPEED_70.jpg
72,2.40,3,WRONG_WAY,,PENDING,results/evidence\ID_3_WRONG_WAY_72.jpg
72,2.40,137,WRONG_WAY,,PENDING,results/evidence\ID_137_WRONG_WAY_72.jpg
72,2.40,152,PEDESTRIAN_CONFLICT,,PENDING,results/evidence\ID_152_PEDESTRIAN_CONFLICT_72.jpg
73,2.44,120,WRONG_WAY,,PENDING,results/evidence\ID_120_WRONG_WAY_73.jpg
74,2.47,137,OVERSPEED,5394.61,PENDING,results/evidence\ID_137_OVERSPEED_74.jpg
74,2.47,144,PEDESTRIAN_CONFLICT,,PENDING,results/evidence\ID_144_PEDESTRIAN_CONFLICT_74.jpg
76,2.54,117,LANE_CHANGE,,PENDING,results/evidence\ID_117_LANE_CHANGE_76.jpg
77,2.57,2,WRONG_WAY,,PENDING,results/evidence\ID_2_WRONG_WAY_77.jpg
78,2.60,3,LANE_CHANGE,,PENDING,results/evidence\ID_3_LANE_CHANGE_78.jpg
78,2.60,120,OVERSPEED,539.46,PENDING,results/evidence\ID_120_OVERSPEED_78.jpg
79,2.64,1,PEDESTRIAN_CONFLICT,,PENDING,results/evidence\ID_1_PEDESTRIAN_CONFLICT_79.jpg
79,2.64,9,PEDESTRIAN_CONFLICT,,PENDING,results/evidence\ID_9_PEDESTRIAN_CONFLICT_79.jpg
81,2.70,11,PEDESTRIAN_CONFLICT,,PENDING,results/evidence\ID_11_PEDESTRIAN_CONFLICT_81.jpg
81,2.70,52,PEDESTRIAN_CONFLICT,,PENDING,results/evidence\ID_52_PEDESTRIAN_CONFLICT_81.jpg
82,2.74,144,OVERSPEED,5394.61,PENDING,results/evidence\ID_144_OVERSPEED_82.jpg
84,2.80,79,PEDESTRIAN_CONFLICT,,PENDING,results/evidence\ID_79_PEDESTRIAN_CONFLICT_84.jpg
85,2.84,89,PEDESTRIAN_CONFLICT,,PENDING,results/evidence\ID_89_PEDESTRIAN_CONFLICT_85.jpg
87,2.90,191,PEDESTRIAN_CONFLICT,,PENDING,results/evidence\ID_191_PEDESTRIAN_CONFLICT_87.jpg
91,3.04,7,PEDESTRIAN_CONFLICT,,PENDING,results/evidence\ID_7_PEDESTRIAN_CONFLICT_91.jpg
92,3.07,13,PEDESTRIAN_CONFLICT,,PENDING,results/evidence\ID_13_PEDESTRIAN_CONFLICT_92.jpg
92,3.07,94,PEDESTRIAN_CONFLICT,,PENDING,results/evidence\ID_94_PEDESTRIAN_CONFLICT_92.jpg
92,3.07,112,PEDESTRIAN_CONFLICT,,PENDING,results/evidence\ID_112_PEDESTRIAN_CONFLICT_92.jpg
93,3.10,3,PEDESTRIAN_CONFLICT,,PENDING,results/evidence\ID_3_PEDESTRIAN_CONFLICT_93.jpg
95,3.17,194,WRONG_WAY,,PENDING,results/evidence\ID_194_WRONG_WAY_95.jpg
98,3.27,194,PEDESTRIAN_CONFLICT,,PENDING,results/evidence\ID_194_PEDESTRIAN_CONFLICT_98.jpg
99,3.30,198,OVERSPEED,5394.61,PENDING,results/evidence\ID_198_OVERSPEED_99.jpg
101,3.37,260,PEDESTRIAN_CONFLICT,,PENDING,results/evidence\ID_260_PEDESTRIAN_CONFLICT_101.jpg
107,3.57,11,LANE_CHANGE,,PENDING,results/evidence\ID_11_LANE_CHANGE_107.jpg
111,3.70,232,WRONG_WAY,,PENDING,results/evidence\ID_232_WRONG_WAY_111.jpg
112,3.74,260,WRONG_WAY,,PENDING,results/evidence\ID_260_WRONG_WAY_112.jpg
113,3.77,20,OVERSPEED,52.37,PENDING,results/evidence\ID_20_OVERSPEED_113.jpg
115,3.84,13,LANE_CHANGE,,PENDING,results/evidence\ID_13_LANE_CHANGE_115.jpg
116,3.87,327,PEDESTRIAN_CONFLICT,,PENDING,results/evidence\ID_327_PEDESTRIAN_CONFLICT_116.jpg
118,3.94,302,OVERSPEED,5394.61,PENDING,results/evidence\ID_302_OVERSPEED_118.jpg
123,4.10,117,WRONG_WAY,,PENDING,results/evidence\ID_117_WRONG_WAY_123.jpg
130,4.34,159,PEDESTRIAN_CONFLICT,,PENDING,results/evidence\ID_159_PEDESTRIAN_CONFLICT_130.jpg
135,4.50,321,WRONG_WAY,,PENDING,results/evidence\ID_321_WRONG_WAY_135.jpg
136,4.54,354,WRONG_WAY,,PENDING,results/evidence\ID_354_WRONG_WAY_136.jpg
139,4.64,354,OVERSPEED,5394.61,PENDING,results/evidence\ID_354_OVERSPEED_139.jpg
1,0.03,4,PEDESTRIAN_CONFLICT,,PENDING,results/evidence\ID_4_PEDESTRIAN_CONFLICT_1.jpg
9,0.30,1,OVERSPEED,5394.61,PENDING,results/evidence\ID_1_OVERSPEED_9.jpg
9,0.30,2,OVERSPEED,5394.61,PENDING,results/evidence\ID_2_OVERSPEED_9.jpg
9,0.30,3,OVERSPEED,5394.61,PENDING,results/evidence\ID_3_OVERSPEED_9.jpg
9,0.30,4,OVERSPEED,5394.61,PENDING,results/evidence\ID_4_OVERSPEED_9.jpg
9,0.30,13,OVERSPEED,5394.61,PENDING,results/evidence\ID_13_OVERSPEED_9.jpg
9,0.30,19,OVERSPEED,5394.61,PENDING,results/evidence\ID_19_OVERSPEED_9.jpg
10,0.33,11,OVERSPEED,5394.61,PENDING,results/evidence\ID_11_OVERSPEED_10.jpg
12,0.40,9,WRONG_WAY,,PENDING,results/evidence\ID_9_WRONG_WAY_12.jpg
13,0.43,18,WRONG_WAY,,PENDING,results/evidence\ID_18_WRONG_WAY_13.jpg
13,0.43,7,WRONG_WAY,,PENDING,results/evidence\ID_7_WRONG_WAY_13.jpg
14,0.47,8,WRONG_WAY,,PENDING,results/evidence\ID_8_WRONG_WAY_14.jpg
14,0.47,19,WRONG_WAY,,PENDING,results/evidence\ID_19_WRONG_WAY_14.jpg
1,0.03,4,PEDESTRIAN_CONFLICT,,PENDING,results/evidence\ID_4_PEDESTRIAN_CONFLICT_1.jpg
1,0.03,4,PEDESTRIAN_CONFLICT,,PENDING,results/evidence\ID_4_PEDESTRIAN_CONFLICT_1.jpg
1,0.03,4,PEDESTRIAN_CONFLICT,,PENDING,results/evidence\ID_4_PEDESTRIAN_CONFLICT_1.jpg
9,0.30,1,OVERSPEED,5394.61,PENDING,results/evidence\ID_1_OVERSPEED_9.jpg
9,0.30,2,OVERSPEED,5394.61,PENDING,results/evidence\ID_2_OVERSPEED_9.jpg
9,0.30,3,OVERSPEED,5394.61,PENDING,results/evidence\ID_3_OVERSPEED_9.jpg
9,0.30,4,OVERSPEED,5394.61,PENDING,results/evidence\ID_4_OVERSPEED_9.jpg
9,0.30,13,OVERSPEED,5394.61,PENDING,results/evidence\ID_13_OVERSPEED_9.jpg
9,0.30,19,OVERSPEED,5394.61,PENDING,results/evidence\ID_19_OVERSPEED_9.jpg
10,0.33,11,OVERSPEED,5394.61,PENDING,results/evidence\ID_11_OVERSPEED_10.jpg
12,0.40,9,WRONG_WAY,,PENDING,results/evidence\ID_9_WRONG_WAY_12.jpg
13,0.43,18,WRONG_WAY,,PENDING,results/evidence\ID_18_WRONG_WAY_13.jpg
13,0.43,7,WRONG_WAY,,PENDING,results/evidence\ID_7_WRONG_WAY_13.jpg
14,0.47,8,WRONG_WAY,,PENDING,results/evidence\ID_8_WRONG_WAY_14.jpg
14,0.47,19,WRONG_WAY,,PENDING,results/evidence\ID_19_WRONG_WAY_14.jpg
15,0.50,4,LANE_CHANGE,,PENDING,results/evidence\ID_4_LANE_CHANGE_15.jpg
15,0.50,14,WRONG_WAY,,PENDING,results/evidence\ID_14_WRONG_WAY_15.jpg
16,0.53,8,OVERSPEED,5394.61,PENDING,results/evidence\ID_8_OVERSPEED_16.jpg
16,0.53,13,WRONG_WAY,,PENDING,results/evidence\ID_13_WRONG_WAY_16.jpg
17,0.57,20,WRONG_WAY,,PENDING,results/evidence\ID_20_WRONG_WAY_17.jpg
18,0.60,1,WRONG_WAY,,PENDING,results/evidence\ID_1_WRONG_WAY_18.jpg
28,0.93,47,WRONG_WAY,,PENDING,results/evidence\ID_47_WRONG_WAY_28.jpg
1,0.03,4,PEDESTRIAN_CONFLICT,,PENDING,results/evidence\ID_4_PEDESTRIAN_CONFLICT_1.jpg
9,0.30,1,OVERSPEED,5394.61,PENDING,results/evidence\ID_1_OVERSPEED_9.jpg
9,0.30,2,OVERSPEED,5394.61,PENDING,results/evidence\ID_2_OVERSPEED_9.jpg
9,0.30,3,OVERSPEED,5394.61,PENDING,results/evidence\ID_3_OVERSPEED_9.jpg
9,0.30,4,OVERSPEED,5394.61,PENDING,results/evidence\ID_4_OVERSPEED_9.jpg
9,0.30,13,OVERSPEED,5394.61,PENDING,results/evidence\ID_13_OVERSPEED_9.jpg
9,0.30,19,OVERSPEED,5394.61,PENDING,results/evidence\ID_19_OVERSPEED_9.jpg
10,0.33,11,OVERSPEED,5394.61,PENDING,results/evidence\ID_11_OVERSPEED_10.jpg
12,0.40,9,WRONG_WAY,,PENDING,results/evidence\ID_9_WRONG_WAY_12.jpg
13,0.43,18,WRONG_WAY,,PENDING,results/evidence\ID_18_WRONG_WAY_13.jpg
13,0.43,7,WRONG_WAY,,PENDING,results/evidence\ID_7_WRONG_WAY_13.jpg
14,0.47,8,WRONG_WAY,,PENDING,results/evidence\ID_8_WRONG_WAY_14.jpg
14,0.47,19,WRONG_WAY,,PENDING,results/evidence\ID_19_WRONG_WAY_14.jpg
15,0.50,4,LANE_CHANGE,,PENDING,results/evidence\ID_4_LANE_CHANGE_15.jpg
15,0.50,14,WRONG_WAY,,PENDING,results/evidence\ID_14_WRONG_WAY_15.jpg
16,0.53,8,OVERSPEED,5394.61,PENDING,results/evidence\ID_8_OVERSPEED_16.jpg
16,0.53,13,WRONG_WAY,,PENDING,results/evidence\ID_13_WRONG_WAY_16.jpg
17,0.57,20,WRONG_WAY,,PENDING,results/evidence\ID_20_WRONG_WAY_17.jpg
18,0.60,1,WRONG_WAY,,PENDING,results/evidence\ID_1_WRONG_WAY_18.jpg
1,0.03,4,PEDESTRIAN_CONFLICT,,PENDING,results/evidence\ID_4_PEDESTRIAN_CONFLICT_1.jpg
9,0.30,1,OVERSPEED,5394.61,PENDING,results/evidence\ID_1_OVERSPEED_9.jpg
9,0.30,2,OVERSPEED,5394.61,PENDING,results/evidence\ID_2_OVERSPEED_9.jpg
9,0.30,3,OVERSPEED,5394.61,PENDING,results/evidence\ID_3_OVERSPEED_9.jpg
9,0.30,4,OVERSPEED,5394.61,PENDING,results/evidence\ID_4_OVERSPEED_9.jpg
9,0.30,13,OVERSPEED,5394.61,PENDING,results/evidence\ID_13_OVERSPEED_9.jpg
9,0.30,19,OVERSPEED,5394.61,PENDING,results/evidence\ID_19_OVERSPEED_9.jpg
10,0.33,11,OVERSPEED,5394.61,PENDING,results/evidence\ID_11_OVERSPEED_10.jpg
12,0.40,9,WRONG_WAY,,PENDING,results/evidence\ID_9_WRONG_WAY_12.jpg
13,0.43,18,WRONG_WAY,,PENDING,results/evidence\ID_18_WRONG_WAY_13.jpg
13,0.43,7,WRONG_WAY,,PENDING,results/evidence\ID_7_WRONG_WAY_13.jpg
14,0.47,8,WRONG_WAY,,PENDING,results/evidence\ID_8_WRONG_WAY_14.jpg
14,0.47,19,WRONG_WAY,,PENDING,results/evidence\ID_19_WRONG_WAY_14.jpg
15,0.50,4,LANE_CHANGE,,PENDING,results/evidence\ID_4_LANE_CHANGE_15.jpg
15,0.50,14,WRONG_WAY,,PENDING,results/evidence\ID_14_WRONG_WAY_15.jpg
16,0.53,8,OVERSPEED,5394.61,PENDING,results/evidence\ID_8_OVERSPEED_16.jpg
16,0.53,13,WRONG_WAY,,PENDING,results/evidence\ID_13_WRONG_WAY_16.jpg
17,0.57,20,WRONG_WAY,,PENDING,results/evidence\ID_20_WRONG_WAY_17.jpg
18,0.60,1,WRONG_WAY,,PENDING,results/evidence\ID_1_WRONG_WAY_18.jpg
28,0.93,47,WRONG_WAY,,PENDING,results/evidence\ID_47_WRONG_WAY_28.jpg
